{
  "generated_at": "2026-04-24T22:53:25+00:00",
  "engine": "Historical M-MASS Longitudinal Series",
  "years_analyzed": [
    "2012",
    "2018",
    "2024"
  ],
  "evolution": [
    {
      "year": "2012",
      "empirical_data": {
        "densidad": 177.38377563809328,
        "comercio": 1.0,
        "casos_crimen": 2370
      },
      "agents_simulated": 94604,
      "max_density": 122.6550064086914,
      "entropy_spatial": 186607.453125,
      "turbulence": 0.0
    },
    {
      "year": "2018",
      "empirical_data": {
        "densidad": 175.96161295482824,
        "comercio": 1.0,
        "casos_crimen": 13387
      },
      "agents_simulated": 93846,
      "max_density": 482.5783386230469,
      "entropy_spatial": 194960.015625,
      "turbulence": 0.5588905215263367
    },
    {
      "year": "2024",
      "empirical_data": {
        "densidad": 1.0,
        "comercio": 1.0,
        "casos_crimen": 5000
      },
      "agents_simulated": 533,
      "max_density": 2.4800000190734863,
      "entropy_spatial": 1666.833251953125,
      "turbulence": 0.2164381742477417
    }
  ]
}
