{
  "generated_at": "2026-04-24T22:50:28+00:00",
  "resolution": "4096x4096 (16.7M cells)",
  "pm25": {
    "peak": 563.6560668945312,
    "ambient_avg": 0.026661504060029984
  },
  "noise": {
    "peak_db": 648.52978515625,
    "spatial_variance": 13.625667572021484
  }
}
