{
  "summary": {
    "photo": "IMG_20260505_093633811.jpg",
    "node": null,
    "window": null,
    "captured_at": "2026:05:05 09:36:35",
    "width": 3000,
    "height": 4000,
    "exif": {
      "datetime_original": "2026:05:05 09:36:35",
      "orientation": 6,
      "camera_make": "motorola",
      "camera_model": "moto g(9) play",
      "gps_lat": 6.249761972222222,
      "gps_lon": -75.56784797222222,
      "gps_alt_m": 1499.582
    },
    "counts": {
      "person": 0,
      "bicycle": 0,
      "car": 0,
      "motorcycle": 0,
      "bus": 0,
      "truck": 0,
      "dog": 0,
      "backpack": 0,
      "handbag": 0,
      "suitcase": 0,
      "cell_phone": 0
    },
    "detections": [],
    "persons": 0,
    "brightness": 133.47500625,
    "contrast": 71.25516931642554,
    "saturation": 54.21573733333334,
    "edge_density": 2.89401625,
    "saturation_index": 0.10965300388888889,
    "worker": "worker_photos",
    "yolo_model": "yolo11x.pt",
    "processed_at": "2026-05-07T23:50:06+0000"
  }
}