{
  "summary": {
    "photo": "IMG_20260505_085013122.jpg",
    "node": null,
    "window": null,
    "captured_at": "2026:05:05 08:50:14",
    "width": 3000,
    "height": 4000,
    "exif": {
      "datetime_original": "2026:05:05 08:50:14",
      "orientation": 6,
      "camera_make": "motorola",
      "camera_model": "moto g(9) play",
      "gps_lat": 6.246483972222222,
      "gps_lon": -75.56794699999999,
      "gps_alt_m": 1508.099
    },
    "counts": {
      "person": 0,
      "bicycle": 0,
      "car": 0,
      "motorcycle": 0,
      "bus": 0,
      "truck": 0,
      "dog": 0,
      "backpack": 0,
      "handbag": 0,
      "suitcase": 0,
      "cell_phone": 0
    },
    "detections": [],
    "persons": 0,
    "brightness": 77.24506866666667,
    "contrast": 32.584975359541865,
    "saturation": 42.121957083333335,
    "edge_density": 1.65665,
    "saturation_index": 0.08124759513888889,
    "worker": "worker_photos",
    "yolo_model": "yolo11x.pt",
    "processed_at": "2026-05-07T23:50:03+0000"
  }
}