{
  "summary": {
    "photo": "IMG_20260505_093824399.jpg",
    "node": null,
    "window": null,
    "captured_at": "2026:05:05 09:38:24",
    "width": 3000,
    "height": 4000,
    "exif": {
      "datetime_original": "2026:05:05 09:38:24",
      "orientation": 6,
      "camera_make": "motorola",
      "camera_model": "moto g(9) play",
      "gps_lat": 6.249372,
      "gps_lon": -75.56736397222222,
      "gps_alt_m": 1485.67
    },
    "counts": {
      "person": 0,
      "bicycle": 0,
      "car": 0,
      "motorcycle": 0,
      "bus": 0,
      "truck": 0,
      "dog": 0,
      "backpack": 0,
      "handbag": 0,
      "suitcase": 0,
      "cell_phone": 0
    },
    "detections": [],
    "persons": 0,
    "brightness": 134.67624491666666,
    "contrast": 74.97470159146583,
    "saturation": 40.08264325,
    "edge_density": 8.1384525,
    "saturation_index": 0.12106075541666665,
    "worker": "worker_photos",
    "yolo_model": "yolo11x.pt",
    "processed_at": "2026-05-07T23:50:07+0000"
  }
}