{
  "summary": {
    "photo": "IMG_20260505_085019484.jpg",
    "node": null,
    "window": null,
    "captured_at": "2026:05:05 08:50:20",
    "width": 3000,
    "height": 4000,
    "exif": {
      "datetime_original": "2026:05:05 08:50:20",
      "orientation": 6,
      "camera_make": "motorola",
      "camera_model": "moto g(9) play",
      "gps_lat": 6.246483972222222,
      "gps_lon": -75.56794699999999,
      "gps_alt_m": 1508.099
    },
    "counts": {
      "person": 0,
      "bicycle": 0,
      "car": 0,
      "motorcycle": 0,
      "bus": 0,
      "truck": 0,
      "dog": 0,
      "backpack": 0,
      "handbag": 0,
      "suitcase": 0,
      "cell_phone": 0
    },
    "detections": [],
    "persons": 0,
    "brightness": 115.45129558333333,
    "contrast": 44.53116488722396,
    "saturation": 32.436247,
    "edge_density": 3.3924775,
    "saturation_index": 0.07667692833333334,
    "worker": "worker_photos",
    "yolo_model": "yolo11x.pt",
    "processed_at": "2026-05-07T23:50:03+0000"
  }
}