{
  "generated_at": "2026-04-25T03:46:00+00:00",
  "engine": "Historical M-MASS Longitudinal Series",
  "years_analyzed": [
    "2012",
    "2018",
    "2024"
  ],
  "evolution": [
    {
      "year": "2012",
      "empirical_data": {
        "densidad": 177.38377563809328,
        "comercio": 1.0,
        "casos_crimen": 2370
      },
      "agents_simulated": 94604,
      "max_density": 126.46333312988281,
      "entropy_spatial": 186780.5,
      "turbulence": 0.14689941704273224
    },
    {
      "year": "2018",
      "empirical_data": {
        "densidad": 175.96161295482824,
        "comercio": 1.0,
        "casos_crimen": 13387
      },
      "agents_simulated": 93846,
      "max_density": 479.0066833496094,
      "entropy_spatial": 195556.09375,
      "turbulence": 0.5620443224906921
    },
    {
      "year": "2024",
      "empirical_data": {
        "densidad": 1.0,
        "comercio": 1.0,
        "casos_crimen": 5000
      },
      "agents_simulated": 533,
      "max_density": 1.4033334255218506,
      "entropy_spatial": 1688.898681640625,
      "turbulence": 0.5620443224906921
    }
  ]
}
