{
  "generated_at": "2026-04-25T03:26:38+00:00",
  "engine": "Historical M-MASS Longitudinal Series",
  "years_analyzed": [
    "2012",
    "2018",
    "2024"
  ],
  "evolution": [
    {
      "year": "2012",
      "empirical_data": {
        "densidad": 177.38377563809328,
        "comercio": 1.0,
        "casos_crimen": 2370
      },
      "agents_simulated": 94604,
      "max_density": 131.38333129882812,
      "entropy_spatial": 186441.0625,
      "turbulence": 0.14495106041431427
    },
    {
      "year": "2018",
      "empirical_data": {
        "densidad": 175.96161295482824,
        "comercio": 1.0,
        "casos_crimen": 13387
      },
      "agents_simulated": 93846,
      "max_density": 504.9000244140625,
      "entropy_spatial": 195433.875,
      "turbulence": 0.5669907927513123
    },
    {
      "year": "2024",
      "empirical_data": {
        "densidad": 1.0,
        "comercio": 1.0,
        "casos_crimen": 5000
      },
      "agents_simulated": 533,
      "max_density": 1.415000081062317,
      "entropy_spatial": 1672.77978515625,
      "turbulence": 0.2212131917476654
    }
  ]
}
