{
  "generated_at": "2026-04-24T22:46:55+00:00",
  "ground_truth_target": 100000,
  "optimized_weights": {
    "time": 2.7054263526811777,
    "risk": 0.61627906847505,
    "crowding": 2.7054263540868644
  },
  "status": "calibrated_hpc_v1"
}
